hari,permintaan,kapasitas,produksi_tetap,sisa_tetap,produksi_adaptif,sisa_adaptif
1,625,700,550,0,550,0
2,586,700,550,0,602,16
3,600,700,550,0,575,0
4,504,700,550,46,585,81
5,519,700,550,31,518,0
6,463,700,550,87,528,65
7,524,700,550,26,489,0
8,577,700,550,0,532,0
9,609,700,550,0,569,0
10,572,700,550,0,591,19
11,678,700,550,0,565,0
12,660,700,550,0,640,0
13,667,700,550,0,627,0
14,746,700,550,0,632,0
15,609,700,550,0,687,78
16,583,700,550,0,591,8
17,586,700,550,0,573,0
18,521,450,450,0,450,0
19,520,450,450,0,450,0
20,519,450,450,0,450,0
21,534,700,550,16,528,0
22,608,700,550,0,539,0
23,643,700,550,0,591,0
24,579,700,550,0,615,36
25,524,700,550,26,570,46
26,465,700,550,85,532,67
27,519,700,550,31,490,0
28,582,700,550,0,528,0
29,622,700,550,0,572,0
30,579,700,550,0,600,21
